Абакумов Игорь	9176	Модератор реальности	53201		
Абаринова-Кожухова Елизавета	2246	Дверь в преисподнюю	8519		
Абаринова-Кожухова Елизавета	2246	Искусство наступать на швабру	26229		
Абаринова-Кожухова Елизавета	2246	Поэтический побег	26222		
Абаринова-Кожухова Елизавета	2246	Холм демонов	8518		
Абаринова-Кожухова Елизавета	2246	Царь мышей	8520		
Абашели Александр	5463	Женщина в зеркале	26155		
Абашидзе Григол	5459	Долгая ночь	26142		
Абашидзе Григол	5459	Лашарела	26521		
Абашина Инна	11361	Чужое лицо	65967		
Абашкин Сергей	3953	Посох патриарха	20581		
Аббасзаде Гусейн	5530	Белка	54759		
Аббасзаде Гусейн	5530	Генерал	26381		
Аббасзаде Гусейн	5530	Просьба	54728		
Аббасзаде Гусейн	5530	Той победной весной	26969		
Аббасзаде Гусейн	5530	Трудный рейс Алибалы	54760		
Абби Линн	2247	Взлет и Падение Короля-Дракона	8524		
Абби Линн	2247	Медный гамбит	8522		
Абби Линн	2247	Мироходец	8521		
Абби Линн	2247	Тени Киновари	8523		
Абвалов Василий	2248	Акцент судьбы	8525		
Абгарян Наринэ	10630	Манюня	61171		
Абгарян Наринэ	10630	Понаехавшая	67032		
Абгарян Наринэ	10630	Семен Андреич. Летопись в каракулях	67033		
Абдулаева Сахиба	5587	Господство женщин	26686		
Абдулаева Сахиба	5587	Медиумы	26677		
Абдулаева Сахиба	5587	Сын небес	26676		
Абдуллаев Чингиз	10277	Власть маски	66027		
Абдуллаев Чингиз	10277	Голубые ангелы	58747		
Абдуллаев Чингиз	10277	Исповедь Сатурна	58068		
Абдуллаев Чингиз	10277	Одноразовое использование	66026		
Абдуллаев Чингиз	10277	Охота на человека	64107		
Абдуллаев Чингиз	10277	Повествование неудачника	66356		
Абдуллаев Чингиз	10277	Правило профессионалов	64636		
Абдуллаев Чингиз	10277	Прайс-лист для издателя	63273		
Абекассис Элиет	7059	Кумран	39230		
Абекассис Элиет	7059	Сокровище храма	39229		
Абекассис Элиет	7059	Счастливое событие	67575		
Абеляшев Дмитрий	2249	Музыка и меч Давида	48844		
Абеляшев Дмитрий	2249	Пастырь Вселенной	8526		
Абеляшев Дмитрий	2249	Провинциальный инквизитор	48845		
Абердин Александр	10188	Прогрессор каменного века. Академия демиургов	58486		
Абердин Александр	10188	Прогрессор каменного века. Провалившийся в прошлое	58490		
Абердин Александр	10188	Прогрессор каменного века. Сила ведлов	58489		
Аберкромби Джо	7847	Герои	67844		
Аберкромби Джо	7847	Лучше подавать холодным	66662		
Аберкромби Джо	7847	Первый закон. Кровь и железо	44242		
Аберкромби Джо	7847	Первый закон. Прежде чем их повесят	53241		
Аберкромби Джо	7847	Последний довод королей	58240		
Абиджан Анвар	2250	Аламазон и его пехота	8527		
Абиджан Анвар	2250	Грозный Мешпалван	48846		
Абнетт Дэн	2251	Братья Змея	68056		
Абнетт Дэн	2251	Возвращение Рейвенора	20582		
Абнетт Дэн	2251	Возвышение Хоруса	20641		
Абнетт Дэн	2251	Всадники смерти	20583		
Абнетт Дэн	2251	Двуглавый орел	56464		
Абнетт Дэн	2251	Легион. Ложь и тайна	58120		
Абнетт Дэн	2251	Молоты Ульрика	46270		
Абнетт Дэн	2251	Не ведая страха	66672		
Абнетт Дэн	2251	Некрополь	66528		
Абнетт Дэн	2251	Ордо Еретикус	8530		
Абнетт Дэн	2251	Ордо Ксенос	8528		
Абнетт Дэн	2251	Ордо Маллеус	8529		
Абнетт Дэн	2251	Первый и Единственный	50881		
Абнетт Дэн	2251	Попутчик	64047		
Абнетт Дэн	2251	Почетная Гвардия	68055		
Абнетт Дэн	2251	Рейвенор	8531		
Абнетт Дэн	2251	Рейвенор отступник	53644		
Абнетт Дэн	2251	Сожжение Просперо	63472		
Абнетт Дэн	2251	Создатель призраков	62711		
Абнетт Дэн	2251	Титаникус	64494		
Абнетт Дэн	2251	Триумф. Герой Ее Величества	60840		
Абоян Виталий	9179	Вирус забвения	61447		
Абоян Виталий	9179	Древо войны	53243		
Абоян Виталий	9179	Заложники пустоты	67081		
Абоян Виталий	9179	Ипостась	64231		
Абоян Виталий	9179	Соколиная охота	61448		
Абрамов Александр	2252	Бал	21271		
Абрамов Александр	2252	Всадники ниоткуда	8532		
Абрамов Александр	2252	Все дозволено	8536		
Абрамов Александр	2252	Гамма времен	8537		
Абрамов Александр	2252	Комната для гостей	8538		
Абрамов Александр	2252	Новый Аладдин	8539		
Абрамов Александр	2252	Последняя точка	25895		
Абрамов Александр	2252	Принц из седьмой формации	8540		
Абрамов Александр	2252	Рай без памяти	8534		
Абрамов Александр	2252	Селеста 7000	8541		
Абрамов Александр	2252	Серебряный вариант	8535		
Абрамов Александр	2252	Спокойной ночи!	8542		
Абрамов Александр	2252	Тень императора	8543		
Абрамов Александр	2252	Хождение за три мира	8544		
